{"train_mse": 0.05531279296657272, "validation_mse": 0.05361352717177331, "test_mse": 0.054973305698934646}