{"train_mse": 0.003937932474348103, "validation_mse": 0.0033682393939105373, "test_mse": 0.003676330859483559}