{"train_mse": 0.08458956238160054, "validation_mse": 0.08261376012213666, "test_mse": 0.08494161171680248}