{"train_mse": 0.05470187065086462, "validation_mse": 0.05481529332930912, "test_mse": 0.054479921258711345}