{"train_mse": 0.05668000089704413, "validation_mse": 6.704426959359315, "test_mse": 0.05955358456134835}