{"train_mse": 0.08350868970029325, "validation_mse": 0.08318594539304619, "test_mse": 0.08386362258861274}