{"train_mse": 1.0902231906825901e-05, "validation_mse": 1.4336974816950155e-06, "test_mse": 3.9693627318795845e-06}