{"train_mse": 0.0039735184769816275, "validation_mse": 0.003215292573693076, "test_mse": 0.003716109602606226}