{"train_mse": 1.5560072531480005e-05, "validation_mse": 1.5697432755048917e-06, "test_mse": 2.1388370390055226e-06}