{"train_mse": 0.040021925668945656, "validation_mse": 0.039565393914100334, "test_mse": 0.03990570836576557}