{"train_mse": 0.04009673112021523, "validation_mse": 0.03943087227951769, "test_mse": 0.03981819951636986}