{"train_mse": 33.072530344178034, "validation_mse": 83.99290438554787, "test_mse": 33.01672117648833}