{"train_mse": 0.004512135870754719, "validation_mse": 0.0043196592790385084, "test_mse": 0.004164508543908596}