{"train_mse": 0.02458893693983555, "validation_mse": 0.039984919130802155, "test_mse": 0.02527867630124092}