{"train_mse": 0.006628477480262518, "validation_mse": 0.006354691150287787, "test_mse": 0.006296238861978054}