{"train_mse": 0.0002455913636367768, "validation_mse": 0.00021593209627705315, "test_mse": 0.00024517442216165364}