{"train_mse": 0.0052276249043643475, "validation_mse": 0.005118501838296652, "test_mse": 0.004887596238404512}