{"train_mse": 0.025347644463181496, "validation_mse": 0.04048815742135048, "test_mse": 0.026247963309288025}