{"train_mse": 0.0020705994684249163, "validation_mse": 0.0019450743760292728, "test_mse": 0.0020674418192356825}