{"train_mse": 0.0010828862432390451, "validation_mse": 0.0011084053199738263, "test_mse": 0.0010878032771870494}