{"train_mse": 0.0007397279841825366, "validation_mse": 0.000826168549247086, "test_mse": 0.000741494121029973}