{"train_mse": 0.0010467508109286427, "validation_mse": 0.0010900419903919101, "test_mse": 0.0010774501133710146}