{"rnn_seq_mnist": {"training_accuracy_mean": 0.11064703525641026, "training_accuracy_std": 0.00020780403738775862, "test_accuracy_mean": 0.10259046052631579, "test_accuracy_std": 0.001330802001042948}, "lstm_seq_mnist": {"training_accuracy_mean": 0.11296741452991452, "training_accuracy_std": 0.00033824586383317213, "test_accuracy_mean": 0.10522203947368422, "test_accuracy_std": 0.0013173946828619072}, "gru_seq_mnist": {"training_accuracy_mean": 0.11036324786324787, "training_accuracy_std": 0.0005944717244672766, "test_accuracy_mean": 0.1040501644736842, "test_accuracy_std": 0.0008208250319768536}}