{"train_mse": 0.00021717080380767584, "validation_mse": 0.0002318461968873938, "test_mse": 0.0002163979661418125}