{"train_mse": 0.00021837014355696738, "validation_mse": 0.00022494830773212016, "test_mse": 0.00021765779820270836}