{"train_mse": 0.004527154378592968, "validation_mse": 0.0044389758259058, "test_mse": 0.004180168733000755}