{"train_mse": 0.00019657016673590988, "validation_mse": 0.00016593730251770466, "test_mse": 0.00019567414710763842}