{"train_mse": 0.00019710036576725543, "validation_mse": 0.0001744019304169342, "test_mse": 0.00019589581643231213}