{"train_error": 18.307889145607362, "validation_error": 20.47416487064165, "test_error": 29.763462915547542}